<?xml version="1.0" encoding="UTF-8"?>
<soap:Envelope xmlns:soap="http://schemas.xmlsoap.org/soap/envelope/">
  <soap:Header />
  <soap:Body>
    <ns2:StatusUpdateResponse xmlns:ns2="http://microsretail.com/Locate">
      <generic_response_message>
        <message_header xaction_response="OK" xaction_type="INFO">
          <destination>Order Search..</destination>
        </message_header>
        <message_body>
          <response order_id="0146001000723" request_id="68" response_code="0">
            <response_description>Order Search Response.</response_description>
          </response>
        </message_body>
      </generic_response_message>
    </ns2:StatusUpdateResponse>
  </soap:Body>
</soap:Envelope>