<?xml version="1.0" encoding="UTF-8"?>
<soap:Envelope xmlns:soap="http://schemas.xmlsoap.org/soap/envelope/">
  <soap:Header />
  <soap:Body>
    <ns2:StatusUpdateResponse xmlns:ns2="http://microsretail.com/Locate">
      <generic_response_message>
        <message_header xaction_response="OK" xaction_type="INFO">
          <datetime>2016-08-05T16:08:33.176</datetime>
          <version>5.2</version>
          <source>XsltFilterResponse1222222222222Himanshu9999999wdwedwd</source>
          <destination>XSTORE</destination>
        </message_header>
        <message_body>
          <response order_id="0146001000723" request_id="68" response_code="0">
            <response_description>Status updated successfully.</response_description>
          </response>
        </message_body>
      </generic_response_message>
    </ns2:StatusUpdateResponse>
  </soap:Body>
</soap:Envelope>